user_input,retrieved_contexts,reference_contexts,response,reference,faithfulness,answer_relevancy,context_precision,context_recall,context_entity_recall,semantic_similarity,answer_correctness
How can a Data Integration Specialist utilize Telegram for data integration using document loaders?,"['Social Platforms: Document loaders for social media platforms include TwitterTweetLoader, RedditPostsLoader. Messaging Services: TelegramChatFileLoader, WhatsAppChatLoader, DiscordChatLoader, FacebookChatLoader, MastodonTootsLoader.']","['Social Platforms and Messaging Services document loaders allow loading from various platforms including Telegram, Reddit, Twitter, Facebook, WhatsApp, Discord, and Mastodon.']","To utilize Telegram for data integration, use the TelegramChatFileLoader from the messaging services document loaders.","A Data Integration Specialist can utilize Telegram for data integration by using the TelegramChatFileLoader, which is a document loader designed to load data from Telegram messaging platforms.",0.5,0.9278105369068559,0.9999999999,1.0,0.1999999996,0.9345388217743037,0.7336347054435759
Wut iz the purpuse of the RedditPostsLoader in data integrashun?,['Social Platforms: The RedditPostsLoader allows loading documents from Reddit social media platform along with TwitterTweetLoader for Twitter integration.'],['Social Platforms document loaders include TwitterTweetLoader and RedditPostsLoader for loading documents from social media platforms.'],The RedditPostsLoader serves to extract and load posts from Reddit's social platform for data integration workflows.,"The RedditPostsLoader is used to load documents from the Reddit social media platform, facilitating data integration from this source.",1.0,0.9147123325806508,0.9999999999,1.0,0.3333333322222222,0.9753080888930661,0.6723984507946952
How can a Data Integration Specialist utilize the Facebook ChatLoader for data integration?,"['Messaging Services document loaders include TelegramChatFileLoader, WhatsAppChatLoader, DiscordChatLoader, FacebookChatLoader for loading data from messaging platforms.']","['Messaging Services document loaders include TelegramChatFileLoader, WhatsAppChatLoader, DiscordChatLoader, FacebookChatLoader, and MastodonTootsLoader.']",The Facebook ChatLoader enables loading chat data from Facebook Messenger for integration into data pipelines.,"A Data Integration Specialist can utilize the Facebook ChatLoader to load data from Facebook Chat, which is an instant messaging app and platform, for seamless integration and analysis.",0.5,0.8904243880906689,0.9999999999,1.0,0.0,0.9128514185055809,0.6567897915325023
How can I load data from Reddit for integration purposes?,['Social platform document loaders include TwitterTweetLoader for Twitter and RedditPostsLoader for Reddit data integration.'],['Social Platforms provide document loaders for Twitter and Reddit among other social media platforms for data integration.'],Use the RedditPostsLoader from social platform document loaders to extract Reddit data.,You can use the RedditPostsLoader to load documents from Reddit for integration.,1.0,0.8982001500966906,0.9999999999,1.0,0.999999995,0.9324421693362714,0.8759654329968805
how do you load tweets from twitter using document loaders?,"['Social Platforms document loaders: TwitterTweetLoader for loading tweets, RedditPostsLoader for Reddit posts integration.']",['Social Platforms document loaders allow loading documents from Twitter using TwitterTweetLoader and Reddit using RedditPostsLoader.'],Use the TwitterTweetLoader to extract tweet data from Twitter for your integration needs.,"To load tweets from Twitter, you can use the TwitterTweetLoader, which is a document loader designed for this purpose.",0.5,0.8448191148203975,0.9999999999,1.0,0.999999995,0.9265445869686834,0.5316242846192686
What BeautifulSoup do?,['Webpages loaders: Web uses urllib and BeautifulSoup to load and parse HTML web pages as a package-based solution.'],['Webpages section describes document loaders for loading web pages using various tools including urllib and BeautifulSoup.'],BeautifulSoup is a Python library used for parsing HTML and XML documents from web pages.,BeautifulSoup is used to load and parse HTML web pages.,0.5,0.9479979184563717,0.9999999999,1.0,0.4999999975,0.9517998486416119,0.8808213612515179
What is the function of Firecrawl in the context of document loaders for web pages?,"['Webpages document loaders include: Web (urllib + BeautifulSoup), Unstructured, RecursiveURL, Sitemap, Firecrawl API service with free credits.']","['Webpages document loaders include various tools like Web, Unstructured, RecursiveURL, Sitemap, Firecrawl, Docling, Hyperbrowser, and AgentQL.']",Firecrawl is an API service for web scraping that can be deployed locally or used as a hosted service with free credits.,"Firecrawl is an API service that can be deployed locally, and its hosted version offers free credits for loading and parsing web pages.",0.25,0.8805578065464864,0.9999999999,0.5,0.0,0.9789742871534322,0.7447467282680771
How does BeautifulSoup assist in loading and parsing HTML web pages?,['Web document loader uses urllib and BeautifulSoup to load and parse HTML web pages from various web sources.'],['Web document loader utilizes urllib and BeautifulSoup as packages for loading and parsing HTML web pages.'],BeautifulSoup works with urllib to fetch and parse HTML content from web pages into structured data.,BeautifulSoup is used in conjunction with urllib to load and parse HTML web pages.,0.6666666666666666,0.8713757391171603,0.9999999999,1.0,0.6666666644444444,0.9719473533118348,0.542981819636053
Wut iz the purpoze of a Sitemap in the context of web page document loaders?,"['Webpage loaders include Sitemap for scraping all pages on a given sitemap, RecursiveURL for child links, and other web scraping tools.']",['Webpages document loaders provide multiple options including Sitemap for scraping sitemap pages and other web scraping utilities.'],Sitemap document loaders use XML sitemaps to systematically scrape all pages listed in a website's sitemap.,"A Sitemap is used to scrape all pages on a given sitemap, allowing for comprehensive loading and parsing of web pages.",0.5,0.8795438384802634,0.9999999999,1.0,0.4999999975,0.9357120602230387,0.48392801505575966
Wut is the purpse of PyPDF in loading PDF documnts?,"['PDF document loaders: PyPDF uses pypdf to load and parse PDFs, Unstructured for open source PDF loading, Amazon Textract for AWS API.']","['PDFs section covers document loaders for PDF files including PyPDF, Unstructured, Amazon Textract, MathPix, and other PDF processing tools.']",PyPDF uses the pypdf library to extract text and metadata from PDF files for document processing.,PyPDF is used to load and parse PDFs as a document loader package.,0.25,0.8302298787341091,0.9999999999,1.0,0.3333333322222222,0.9014554003448878,0.4128859399080352
