question,ground_truth,answer,contexts,reference_contexts,synthesizer_name
How can a Data Integration Specialist utilize Telegram for data integration using document loaders?,"A Data Integration Specialist can utilize Telegram for data integration by using the TelegramChatFileLoader, which is a document loader designed to load data from Telegram messaging platforms.","To utilize Telegram for data integration, use the TelegramChatFileLoader from the messaging services document loaders.","['Social Platforms: Document loaders for social media platforms include TwitterTweetLoader, RedditPostsLoader. Messaging Services: TelegramChatFileLoader, WhatsAppChatLoader, DiscordChatLoader, FacebookChatLoader, MastodonTootsLoader.']","['Social Platforms and Messaging Services document loaders allow loading from various platforms including Telegram, Reddit, Twitter, Facebook, WhatsApp, Discord, and Mastodon.']",single_hop_specifc_query_synthesizer
Wut iz the purpuse of the RedditPostsLoader in data integrashun?,"The RedditPostsLoader is used to load documents from the Reddit social media platform, facilitating data integration from this source.",The RedditPostsLoader serves to extract and load posts from Reddit's social platform for data integration workflows.,['Social Platforms: The RedditPostsLoader allows loading documents from Reddit social media platform along with TwitterTweetLoader for Twitter integration.'],['Social Platforms document loaders include TwitterTweetLoader and RedditPostsLoader for loading documents from social media platforms.'],single_hop_specifc_query_synthesizer
How can a Data Integration Specialist utilize the Facebook ChatLoader for data integration?,"A Data Integration Specialist can utilize the Facebook ChatLoader to load data from Facebook Chat, which is an instant messaging app and platform, for seamless integration and analysis.",The Facebook ChatLoader enables loading chat data from Facebook Messenger for integration into data pipelines.,"['Messaging Services document loaders include TelegramChatFileLoader, WhatsAppChatLoader, DiscordChatLoader, FacebookChatLoader for loading data from messaging platforms.']","['Messaging Services document loaders include TelegramChatFileLoader, WhatsAppChatLoader, DiscordChatLoader, FacebookChatLoader, and MastodonTootsLoader.']",single_hop_specifc_query_synthesizer
How can I load data from Reddit for integration purposes?,You can use the RedditPostsLoader to load documents from Reddit for integration.,Use the RedditPostsLoader from social platform document loaders to extract Reddit data.,['Social platform document loaders include TwitterTweetLoader for Twitter and RedditPostsLoader for Reddit data integration.'],['Social Platforms provide document loaders for Twitter and Reddit among other social media platforms for data integration.'],single_hop_specifc_query_synthesizer
how do you load tweets from twitter using document loaders?,"To load tweets from Twitter, you can use the TwitterTweetLoader, which is a document loader designed for this purpose.",Use the TwitterTweetLoader to extract tweet data from Twitter for your integration needs.,"['Social Platforms document loaders: TwitterTweetLoader for loading tweets, RedditPostsLoader for Reddit posts integration.']",['Social Platforms document loaders allow loading documents from Twitter using TwitterTweetLoader and Reddit using RedditPostsLoader.'],single_hop_specifc_query_synthesizer
What BeautifulSoup do?,BeautifulSoup is used to load and parse HTML web pages.,BeautifulSoup is a Python library used for parsing HTML and XML documents from web pages.,['Webpages loaders: Web uses urllib and BeautifulSoup to load and parse HTML web pages as a package-based solution.'],['Webpages section describes document loaders for loading web pages using various tools including urllib and BeautifulSoup.'],single_hop_specifc_query_synthesizer
What is the function of Firecrawl in the context of document loaders for web pages?,"Firecrawl is an API service that can be deployed locally, and its hosted version offers free credits for loading and parsing web pages.",Firecrawl is an API service for web scraping that can be deployed locally or used as a hosted service with free credits.,"['Webpages document loaders include: Web (urllib + BeautifulSoup), Unstructured, RecursiveURL, Sitemap, Firecrawl API service with free credits.']","['Webpages document loaders include various tools like Web, Unstructured, RecursiveURL, Sitemap, Firecrawl, Docling, Hyperbrowser, and AgentQL.']",single_hop_specifc_query_synthesizer
How does BeautifulSoup assist in loading and parsing HTML web pages?,BeautifulSoup is used in conjunction with urllib to load and parse HTML web pages.,BeautifulSoup works with urllib to fetch and parse HTML content from web pages into structured data.,['Web document loader uses urllib and BeautifulSoup to load and parse HTML web pages from various web sources.'],['Web document loader utilizes urllib and BeautifulSoup as packages for loading and parsing HTML web pages.'],single_hop_specifc_query_synthesizer
Wut iz the purpoze of a Sitemap in the context of web page document loaders?,"A Sitemap is used to scrape all pages on a given sitemap, allowing for comprehensive loading and parsing of web pages.",Sitemap document loaders use XML sitemaps to systematically scrape all pages listed in a website's sitemap.,"['Webpage loaders include Sitemap for scraping all pages on a given sitemap, RecursiveURL for child links, and other web scraping tools.']",['Webpages document loaders provide multiple options including Sitemap for scraping sitemap pages and other web scraping utilities.'],single_hop_specifc_query_synthesizer
Wut is the purpse of PyPDF in loading PDF documnts?,PyPDF is used to load and parse PDFs as a document loader package.,PyPDF uses the pypdf library to extract text and metadata from PDF files for document processing.,"['PDF document loaders: PyPDF uses pypdf to load and parse PDFs, Unstructured for open source PDF loading, Amazon Textract for AWS API.']","['PDFs section covers document loaders for PDF files including PyPDF, Unstructured, Amazon Textract, MathPix, and other PDF processing tools.']",single_hop_specifc_query_synthesizer
